,background,question,model,explanation,acc,background_recall,ques_recall,bleu4,bleu1,meteor,rouge1,rouge2,rougeL,rougeLsum,bertscore_f1,model_size
4,"A 39-year-old man comes to the physician because of a 6-month history of progressive shortness of breath. He has had a cough productive of white sputum for 2 years. He smoked 1 pack of cigarettes daily for 16 years but quit 10 years ago. He is in mild respiratory distress with pursed lips and a barrel chest; he is using the accessory muscles of respiration. Breath sounds are distant and crackles are present in the lower lung fields bilaterally. Pulmonary function tests show a decreased FEV1:FVC ratio, increased residual volume, and decreased diffusion capacity. An x-ray of the chest shows hyperinflation and hypertranslucency of the lower lobes of both lungs. Which of the following is the most likely diagnosis?",Which of the following is the most likely diagnosis?,0.5B-Qwen25,"The patient's symptoms, including progressive shortness of breath, cough with white sputum, and use of accessory muscles of respiration, strongly suggest emphysema as the most likely diagnosis. Here’s the reasoning: 1. Progressive Shortness of Breath: This is a hallmark symptom of emphysema. 2. Pursed Lips and Barrel Chest: These are typical features of emphysema. 3. Increased Residual Volume: This is also characteristic of emphysema. 4. Decreased Diffusion Capacity: This is a key feature of emphysema, where there is reduced gas exchange between the alveoli and blood. 5. Hyperinflation and Hypertranslucency of Lower Lobe Lungs: These findings are consistent with emphysema, particularly when combined with the presence of chronic obstructive pulmonary disease (COPD) due to smoking. While bronchiectasis can cause similar symptoms, it typically presents differently. It often involves more severe airflow obstruction and may not have the same combination of symptoms like the one described here. Chronic pulmonary fibrosis can lead to similar symptoms but usually involves more diffuse changes in the lung tissue rather than the specific signs mentioned. Therefore, based on the clinical presentation and the radiographic findings, emphysema is the most probable diagnosis.",True,0.36,1.0,0.0047,0.0321,0.203,0.0711,0.041,0.0609,0.0609,0.4639,0.5
56,A 65-year-old woman comes to the office for a follow-up examination 1 year after she underwent operative resection of the right colon and chemotherapy for stage III colon cancer. She reports fatigue. Physical examination shows no abnormalities. A staging CT scan of the chest and abdomen shows five new 2- to 3-cm masses in the liver and both lungs. This patient's cancer most likely spread to the lungs via which of the following structures?,This patient's cancer most likely spread to the lungs via which of the following structures?,0.5B-Qwen25,"In colorectal cancer, metastasis can occur through various pathways, but the most common one is lymphatic metastasis from the primary tumor to distant organs like the lungs. The presence of new 2- to 3-cm masses in the liver and both lungs suggests that there may be some form of lymphatic involvement. Lymph nodes located in the pelvis (which includes the left and middle colic veins) often contain remnants of cancer cells that have been released into the bloodstream. These lymph nodes can become involved in metastatic disease when they encounter cancer cells again. Therefore, it is reasonable to conclude that the cancer has most likely spread to the lungs via the left colic vein. [Option B] is the correct answer because this structure is responsible for carrying blood from the left hypochondriac region to the right hypochondriac region, where it ultimately drains into the inferior vena cava system. This means that if lymph nodes in the liver and both lungs contain cancer cells that have migrated back to the pelvic area, these lymph nodes would likely contain residual cancer cells that could potentially cause metastatic lesions in other parts of the body, including the lungs. [Options A, C, D, F, and G] are incorrect because: - Option A (inferior mesenteric vein) is not typically associated with lymph node involvement in colorectal cancer. - Option C (left colic artery) does not play a role in lymph node metastasis from colorectal cancer. - Option E (pulmonary vein) is related to venous drainage rather than lymph node involvement. - Option H (superior mesenteric artery) is an arterial supply and does not involve lymph node metastasis. - Option I (superior vena cava) is part of the systemic circulation and is not directly linked to lymph node metastasis from colorectal cancer.",True,0.21,0.33,0.0119,0.0355,0.1966,0.0779,0.0458,0.0649,0.0649,0.4759,0.5
98,"A 39-year-old man comes to the physician because of a 6-month history of progressive shortness of breath. He has had a cough productive of white sputum for 2 years. He smoked 1 pack of cigarettes daily for 16 years but quit 10 years ago. He is in mild respiratory distress with pursed lips and a barrel chest; he is using the accessory muscles of respiration. Breath sounds are distant and crackles are present in the lower lung fields bilaterally. Pulmonary function tests show a decreased FEV1:FVC ratio, increased residual volume, and decreased diffusion capacity. An x-ray of the chest shows hyperinflation and hypertranslucency of the lower lobes of both lungs. Which of the following is the most likely diagnosis?",Which of the following is the most likely diagnosis?,1.5B-Qwen25,"Emphysema is characterized by damage to the alveoli (air sacs) in the lungs, leading to their destruction and loss of elasticity. This results in abnormal enlargement of air spaces within the lungs, which can lead to reduced airflow and an increase in residual volume. The patient's symptoms include progressive shortness of breath, chronic cough, and wheezing due to obstructive airway disease. The presence of crackles on auscultation indicates ongoing inflammation and mucus production in the airways. The radiographic findings of hyperinflation and hypertranslucency of the lower lobes of both lungs further support this diagnosis. Additionally, the patient's smoking history and the decreased FEV1/FVC ratio from pulmonary function tests confirm the presence of emphysema. While asthma may also cause similar symptoms, it typically involves reversible airflow obstruction rather than permanent destruction of alveoli. Bronchiectasis would be more likely if there were evidence of bronchial wall thickening or granulomas, which was not mentioned in the case description. Cystic fibrosis primarily affects the lungs and digestive system, while chronic pulmonary fibrosis is associated with scarring of the lung tissue, which does not match the described findings. Therefore, emphysema is the most appropriate diagnosis based on the clinical presentation and diagnostic criteria provided.",True,0.33,1.0,0.0,0.0314,0.1438,0.0758,0.0287,0.0664,0.0664,0.4585,1.5
148,A 65-year-old woman comes to the office for a follow-up examination 1 year after she underwent operative resection of the right colon and chemotherapy for stage III colon cancer. She reports fatigue. Physical examination shows no abnormalities. A staging CT scan of the chest and abdomen shows five new 2- to 3-cm masses in the liver and both lungs. This patient's cancer most likely spread to the lungs via which of the following structures?,This patient's cancer most likely spread to the lungs via which of the following structures?,1.5B-Qwen25,"The inferior vena cava (IVC) is the largest venous trunk in the body, receiving blood from all four limbs and the abdominal cavity. It plays a crucial role in the systemic circulation and lymphatic drainage. In cases of metastasis, particularly when cancer spreads through the bloodstream, it can travel along this large vessel. In this scenario, the patient has undergone surgery for colorectal cancer and received chemotherapy. The recurrence of multiple liver and lung nodules suggests that the cancer may have metastasized. Given the location of these new lesions, they are more likely to be associated with metastases rather than primary tumors. Option A (Inferior mesenteric vein): While the superior mesenteric vein drains into the inferior mesenteric vein, it does not play a significant role in the spread of metastatic disease to the lungs. Option C (Left colic vein): This vein is part of the portal system and primarily drains into the splenic vein, not the inferior vena cava. Option D (Middle colic artery): This artery supplies blood to the transverse colon and adjacent structures but is not involved in the spread of metastatic disease to the lungs. Option E (Pulmonary vein): These veins receive oxygenated blood from the lungs and do not contribute significantly to the spread of metastatic disease. Option F (Superior mesenteric artery): Similar to the left colic vein, this artery is part of the portal system and does not facilitate the spread of metastatic disease to the lungs. Option G (Superior vena cava): Although the superior vena cava receives blood from the head and upper extremities, it does not play a major role in the spread of metastatic disease to the lungs. Therefore, based on the clinical presentation and imaging findings, the most probable route of metastasis is through the inferior vena cava, leading to the development of new liver and lung nodules.",True,0.11,0.33,0.0,0.0312,0.1287,0.0743,0.0187,0.0681,0.0681,0.458,1.5
190,"A 39-year-old man comes to the physician because of a 6-month history of progressive shortness of breath. He has had a cough productive of white sputum for 2 years. He smoked 1 pack of cigarettes daily for 16 years but quit 10 years ago. He is in mild respiratory distress with pursed lips and a barrel chest; he is using the accessory muscles of respiration. Breath sounds are distant and crackles are present in the lower lung fields bilaterally. Pulmonary function tests show a decreased FEV1:FVC ratio, increased residual volume, and decreased diffusion capacity. An x-ray of the chest shows hyperinflation and hypertranslucency of the lower lobes of both lungs. Which of the following is the most likely diagnosis?",Which of the following is the most likely diagnosis?,3B-Qwen25,"Emphysema is the most likely diagnosis based on the patient's symptoms and test results. The patient's history of smoking, the presence of a barrel chest, use of accessory muscles during breathing, and the findings on physical examination (such as distant breath sounds and crackles) are consistent with chronic obstructive pulmonary disease (COPD), which includes emphysema. - A. Asthma: While asthma can cause shortness of breath and cough, it typically presents with reversible airflow obstruction and wheezing rather than crackles and a fixed decrease in FEV1/FVC ratio. Additionally, asthma does not usually lead to the hyperinflation and hypertranslucency seen on chest X-ray. - B. Bronchiectasis: This condition involves permanent dilation of airways, often due to chronic inflammation. It typically presents with chronic cough, sputum production, and recurrent infections. The patient’s symptoms and signs do not align well with bronchiectasis, and the absence of infection and the presence of crackles are more indicative of emphysema. - C. Chronic Pulmonary Fibrosis: This condition is characterized by scarring of the lung tissue, leading to reduced elasticity and airflow limitation. However, it usually presents with a more gradual onset of dyspnea, dry cough, and a restrictive pattern on pulmonary function tests. The patient's rapid progression and the presence of hyperinflation and crackles are more suggestive of emphysema. - D. Cystic Fibrosis: This is an inherited disorder that primarily affects the lungs and digestive system. It is associated with thick, sticky mucus production and frequent lung infections. The patient's history of smoking and the absence of typical cystic fibrosis-related symptoms make this less likely. Given the patient's history of smoking, the clinical presentation, and the pulmonary function test results showing a decreased FEV1:FVC ratio, increased residual volume, and decreased diffusion capacity, along with the chest X-ray showing hyperinflation and hypertranslucency of the lower lobes, emphysema is the most probable diagnosis.",True,0.52,1.0,0.0057,0.0197,0.1715,0.05,0.0314,0.0438,0.0438,0.3927,3.0
242,A 65-year-old woman comes to the office for a follow-up examination 1 year after she underwent operative resection of the right colon and chemotherapy for stage III colon cancer. She reports fatigue. Physical examination shows no abnormalities. A staging CT scan of the chest and abdomen shows five new 2- to 3-cm masses in the liver and both lungs. This patient's cancer most likely spread to the lungs via which of the following structures?,This patient's cancer most likely spread to the lungs via which of the following structures?,3B-Qwen25,"The spread of cancer from the liver to the lungs typically occurs through the hepatic veins and inferior vena cava (IVC). The hepatic veins carry blood from the liver to the inferior vena cava, and then this blood flows into the right atrium of the heart before entering the pulmonary circulation. Let's examine why the other options are incorrect: A. Inferior mesenteric vein - This vein drains blood from the lower part of the small intestine and the descending part of the transverse colon. It does not directly connect to the liver or the lungs. C. Left colic vein - This vein drains blood from the ascending colon and the left half of the transverse colon. It also does not directly connect to the liver or the lungs. D. Middle colic artery - This artery supplies blood to the middle portion of the transverse colon. It does not play a role in the spread of cancer from the liver to the lungs. E. Pulmonary vein - These veins carry oxygenated blood from the lungs back to the left atrium of the heart. They do not serve as conduits for metastasis from the liver to the lungs. F. Superior mesenteric artery - This artery supplies blood to the upper part of the small intestine and the entire transverse colon. It does not directly connect to the liver or the lungs. G. Superior vena cava - This vein carries deoxygenated blood from the upper body to the right atrium of the heart. While it is a major vessel, it does not directly connect to the liver or the lungs in the context of metastasis from the liver to the lungs. Therefore, the most likely pathway for the cancer to spread from the liver to the lungs is through the hepatic veins and the inferior vena cava.",True,0.16,0.67,0.0,0.0302,0.1537,0.0698,0.0256,0.0635,0.0635,0.4149,3.0
284,"A 39-year-old man comes to the physician because of a 6-month history of progressive shortness of breath. He has had a cough productive of white sputum for 2 years. He smoked 1 pack of cigarettes daily for 16 years but quit 10 years ago. He is in mild respiratory distress with pursed lips and a barrel chest; he is using the accessory muscles of respiration. Breath sounds are distant and crackles are present in the lower lung fields bilaterally. Pulmonary function tests show a decreased FEV1:FVC ratio, increased residual volume, and decreased diffusion capacity. An x-ray of the chest shows hyperinflation and hypertranslucency of the lower lobes of both lungs. Which of the following is the most likely diagnosis?",Which of the following is the most likely diagnosis?,7B-Qwen25,"- Asthma (Option A): While asthma can cause shortness of breath and wheezing, it typically does not present with the chronic productive cough, hyperinflation on chest x-ray, or the specific findings on pulmonary function tests such as a decreased FEV1:FVC ratio and increased residual volume. Asthma usually involves reversible airway obstruction, which is not indicated here. - Bronchiectasis (Option B): This condition is characterized by abnormal and permanent widening of the airways, leading to chronic cough and production of large amounts of sputum. However, bronchiectasis often presents with localized areas of increased density on chest x-ray rather than generalized hyperinflation and hypertranslucency. Additionally, the patient's history of smoking and the presence of crackles in the lower lung fields are more suggestive of emphysema. - Chronic Pulmonary Fibrosis (Option C): This condition is characterized by scarring of the lung tissue, leading to a restrictive pattern on pulmonary function tests and a reduced diffusion capacity. The patient's history of smoking and the presence of crackles suggest a different pathophysiology, as chronic pulmonary fibrosis typically does not present with hyperinflation or a decreased FEV1:FVC ratio. - Cystic Fibrosis (Option D): This genetic disorder affects multiple organs, including the lungs, and can cause chronic cough, wheezing, and respiratory failure. However, cystic fibrosis is less common in adults and typically presents with more severe symptoms and a different pattern of pulmonary function test results compared to the described case. - Emphysema (Option E): Emphysema is a form of chronic obstructive pulmonary disease (COPD) that primarily affects the alveoli, leading to their destruction and resulting in hyperinflation of the lungs. The patient's history of smoking, the presence of crackles, and the specific findings on pulmonary function tests (decreased FEV1:FVC ratio, increased residual volume, and decreased diffusion capacity) are highly indicative of emphysema. The physical exam findings, such as pursed-lip breathing and a barrel chest, are also consistent with this diagnosis.",True,0.42,0.0,0.0,0.0134,0.0753,0.0367,0.0062,0.0367,0.0367,0.372,7.0
336,A 65-year-old woman comes to the office for a follow-up examination 1 year after she underwent operative resection of the right colon and chemotherapy for stage III colon cancer. She reports fatigue. Physical examination shows no abnormalities. A staging CT scan of the chest and abdomen shows five new 2- to 3-cm masses in the liver and both lungs. This patient's cancer most likely spread to the lungs via which of the following structures?,This patient's cancer most likely spread to the lungs via which of the following structures?,7B-Qwen25,"In this scenario, the patient has stage III colon cancer that has metastasized to the liver and lungs. The question asks through which structure the cancer most likely spread to the lungs. Let's examine each option: A. Inferior mesenteric vein: This vein drains blood from the descending colon, sigmoid colon, and rectum. It does not directly connect to the pulmonary circulation, so it is unlikely to be the route of metastasis to the lungs. B. Inferior vena cava (IVC): The IVC is a large vein that collects deoxygenated blood from the lower half of the body and empties into the right atrium of the heart. It receives blood from the abdominal organs, including the colon, through various tributaries such as the inferior mesenteric vein and the lumbar veins. Tumor cells can travel through the IVC and reach the lungs via the pulmonary circulation, making this a plausible route for metastasis. C. Left colic vein: This vein drains blood from the left side of the colon. Like the inferior mesenteric vein, it does not directly connect to the pulmonary circulation, so it is unlikely to be the route of metastasis to the lungs. D. Middle colic artery: This artery supplies blood to the transverse colon but does not play a role in the venous drainage of the colon. Therefore, it is not relevant to the metastatic spread of cancer to the lungs. E. Pulmonary vein: This vein carries oxygenated blood from the lungs to the left atrium of the heart. It is part of the pulmonary circulation and does not receive blood from the colon, so it cannot be the route of metastasis from colon cancer. F. Superior mesenteric artery: This artery supplies blood to the small intestine and parts of the colon but does not play a role in the venous drainage of these organs. Therefore, it is not relevant to the metastatic spread of cancer to the lungs. G. Superior vena cava: This vein collects blood from the upper half of the body and empties into the right atrium of the heart. It does not receive blood from the colon, so it is not a route for metastasis from colon cancer to the lungs. Given the options, the most likely route for the metastasis of colon cancer to the lungs is through the inferior vena cava, which collects blood from the colon and other abdominal organs before it enters the right atrium and then the pulmonary circulation.",True,0.21,0.33,0.0088,0.0262,0.1547,0.0659,0.0378,0.0565,0.0565,0.4306,7.0
378,"A 39-year-old man comes to the physician because of a 6-month history of progressive shortness of breath. He has had a cough productive of white sputum for 2 years. He smoked 1 pack of cigarettes daily for 16 years but quit 10 years ago. He is in mild respiratory distress with pursed lips and a barrel chest; he is using the accessory muscles of respiration. Breath sounds are distant and crackles are present in the lower lung fields bilaterally. Pulmonary function tests show a decreased FEV1:FVC ratio, increased residual volume, and decreased diffusion capacity. An x-ray of the chest shows hyperinflation and hypertranslucency of the lower lobes of both lungs. Which of the following is the most likely diagnosis?",Which of the following is the most likely diagnosis?,14B-Qwen25,"The patient's symptoms, physical examination findings, and diagnostic test results strongly suggest emphysema. Here’s a breakdown of why this condition fits the clinical picture and why other options are less likely: - Symptoms: The patient has a long history of smoking (though he quit 10 years ago), which is a significant risk factor for chronic obstructive pulmonary disease (COPD), of which emphysema is a common form. The progressive shortness of breath and chronic cough are typical signs of COPD. - Physical Examination: The presence of a barrel chest, use of accessory muscles, and pursed-lip breathing are indicative of chronic hyperinflation of the lungs, which is characteristic of emphysema. Additionally, distant breath sounds and crackles in the lower lung fields can be seen in patients with emphysema due to air trapping and inflammation. - Pulmonary Function Tests: A decreased FEV1:FVC ratio indicates airflow obstruction, which is a hallmark of COPD. Increased residual volume suggests hyperinflation, and a decreased diffusion capacity points towards damage to the alveoli, which is consistent with emphysema. - X-ray Findings: Hyperinflation and hypertranslucency on chest X-rays are typical radiographic features of emphysema, reflecting the loss of lung tissue elasticity and overdistension of the air spaces. Now, let's briefly discuss why the other options are less likely: - A. Asthma: While asthma can cause shortness of breath and wheezing, it typically presents with episodic symptoms and reversible airflow obstruction. The chronic nature of the patient's symptoms and the irreversible changes seen in pulmonary function tests make asthma less likely. - B. Bronchiectasis: This condition involves permanent dilation of the bronchi and often presents with chronic cough, sputum production, and recurrent infections. However, the specific pattern of lung function abnormalities and imaging findings do not align well with bronchiectasis. - C. Chronic Pulmonary Fibrosis: This condition involves scarring of the lung tissue, leading to restrictive lung disease rather than obstructive lung disease. The patient's symptoms and test results point more towards an obstructive process rather than a restrictive one. - D. Cystic Fibrosis: Although cystic fibrosis can cause chronic respiratory symptoms, it usually presents earlier in life and is associated with specific genetic markers and sweat chloride levels that are not mentioned in the case description. The patient's age and smoking history also make cystic fibrosis less likely. In conclusion, the combination of the patient's history, physical exam, and diagnostic test results most consistently point to a diagnosis of emphysema.",True,0.55,1.0,0.0,0.0152,0.0811,0.0387,0.0049,0.0339,0.0339,0.389,14.0
430,A 65-year-old woman comes to the office for a follow-up examination 1 year after she underwent operative resection of the right colon and chemotherapy for stage III colon cancer. She reports fatigue. Physical examination shows no abnormalities. A staging CT scan of the chest and abdomen shows five new 2- to 3-cm masses in the liver and both lungs. This patient's cancer most likely spread to the lungs via which of the following structures?,This patient's cancer most likely spread to the lungs via which of the following structures?,14B-Qwen25,"Colon cancer typically spreads through the bloodstream, a process known as hematogenous metastasis. The inferior vena cava (IVC) is the largest vein in the body, responsible for returning deoxygenated blood from the lower half of the body, including the intestines, to the heart. When cancer cells break away from the primary tumor in the colon, they can enter the IVC and be carried to other parts of the body, such as the liver and lungs. Option A (Inferior mesenteric vein) - Incorrect. While this vein drains blood from the left side of the colon, it ultimately empties into the IVC, not directly to the lungs. Option C (Left colic vein) - Incorrect. This vein also drains into the IVC, not directly to the lungs. Option D (Middle colic artery) - Incorrect. Arteries carry oxygenated blood to tissues, not away from them. Metastasis would not occur through an artery in this context. Option E (Pulmonary vein) - Incorrect. Pulmonary veins carry oxygenated blood from the lungs to the heart, not from the colon to the lungs. Option F (Superior mesenteric artery) - Incorrect. Like arteries generally, this vessel carries blood to the tissues, not away from them. Option G (Superior vena cava) - Incorrect. Although this vein returns blood from the upper body to the heart, it does not play a significant role in the spread of colon cancer to the lungs compared to the IVC. Therefore, the most likely pathway for the spread of cancer from the colon to the lungs is through the inferior vena cava.",True,0.21,0.33,0.0,0.033,0.1948,0.0749,0.0302,0.0674,0.0674,0.4441,14.0
472,"A 39-year-old man comes to the physician because of a 6-month history of progressive shortness of breath. He has had a cough productive of white sputum for 2 years. He smoked 1 pack of cigarettes daily for 16 years but quit 10 years ago. He is in mild respiratory distress with pursed lips and a barrel chest; he is using the accessory muscles of respiration. Breath sounds are distant and crackles are present in the lower lung fields bilaterally. Pulmonary function tests show a decreased FEV1:FVC ratio, increased residual volume, and decreased diffusion capacity. An x-ray of the chest shows hyperinflation and hypertranslucency of the lower lobes of both lungs. Which of the following is the most likely diagnosis?",Which of the following is the most likely diagnosis?,32B-Qwen25,"The clinical presentation and diagnostic findings strongly suggest emphysema, a form of chronic obstructive pulmonary disease (COPD). Here's why the other options are incorrect and why emphysema is the most likely diagnosis: A. Asthma: While asthma can cause shortness of breath and cough, it typically presents with reversible airway obstruction and wheezing. The patient's history of smoking and the presence of a barrel chest, which is characteristic of emphysema, make asthma less likely. B. Bronchiectasis: This condition is characterized by permanent enlargement of parts of the airways of the lung. It often presents with chronic cough and copious sputum production, but the patient's history and physical examination findings, including the barrel chest and decreased FEV1:FVC ratio, are more consistent with emphysema. C. Chronic pulmonary fibrosis: This condition is characterized by scarring of the lung tissue, leading to decreased lung compliance and restrictive lung disease. Pulmonary function tests in fibrosis typically show a decreased total lung capacity and a normal or increased FEV1:FVC ratio, which contrasts with the obstructive pattern seen in this patient. D. Cystic fibrosis: This is a genetic disorder that primarily affects the lungs and digestive system. It is usually diagnosed in childhood and is associated with thick, sticky mucus that can cause severe lung infections and digestive problems. The patient's age and smoking history make cystic fibrosis an unlikely diagnosis. E. Emphysema: This is the most likely diagnosis given the patient's history of smoking, the presence of a barrel chest, pursed-lip breathing, and the use of accessory muscles of respiration. The pulmonary function tests showing a decreased FEV1:FVC ratio, increased residual volume, and decreased diffusion capacity are characteristic of emphysema. The chest x-ray findings of hyperinflation and hypertranslucency of the lower lobes are also consistent with this diagnosis.",True,0.39,1.0,0.006,0.0207,0.1361,0.0516,0.0325,0.0516,0.0516,0.4129,32.0
524,A 65-year-old woman comes to the office for a follow-up examination 1 year after she underwent operative resection of the right colon and chemotherapy for stage III colon cancer. She reports fatigue. Physical examination shows no abnormalities. A staging CT scan of the chest and abdomen shows five new 2- to 3-cm masses in the liver and both lungs. This patient's cancer most likely spread to the lungs via which of the following structures?,This patient's cancer most likely spread to the lungs via which of the following structures?,32B-Qwen25,"The spread of cancer from the colon to the lungs is most likely to occur via hematogenous dissemination, which involves the bloodstream. Among the options provided, the inferior vena cava (B) is the most relevant structure for this type of metastasis. The inferior vena cava is a large vein that carries deoxygenated blood from the lower half of the body, including the abdominal organs, back to the heart. From there, the blood is pumped to the lungs, where it can deposit cancer cells that have entered the bloodstream from the primary tumor site in the colon. A. Inferior mesenteric vein: This vein drains blood from the sigmoid colon and rectum, not the right colon, which is the site of the primary tumor in this case. C. Left colic vein: This vein drains the descending colon, which is not the primary site of the tumor in this patient. D. Middle colic artery: This is an arterial structure, and while it supplies blood to the colon, it is not the primary route for metastatic spread via the bloodstream. E. Pulmonary vein: This vein carries oxygenated blood from the lungs to the heart and is not involved in the initial spread of cancer from the colon to the lungs. F. Superior mesenteric artery: This artery supplies blood to the small intestine and the right colon, but it is an arterial structure and not the primary route for metastatic spread via the bloodstream. G. Superior vena cava: This vein carries deoxygenated blood from the upper half of the body to the heart. Since the primary tumor is in the right colon, the inferior vena cava is more relevant for the spread of cancer cells to the lungs.",True,0.11,0.33,0.0,0.0374,0.1599,0.087,0.0337,0.0669,0.0669,0.4485,32.0
566,"A 39-year-old man comes to the physician because of a 6-month history of progressive shortness of breath. He has had a cough productive of white sputum for 2 years. He smoked 1 pack of cigarettes daily for 16 years but quit 10 years ago. He is in mild respiratory distress with pursed lips and a barrel chest; he is using the accessory muscles of respiration. Breath sounds are distant and crackles are present in the lower lung fields bilaterally. Pulmonary function tests show a decreased FEV1:FVC ratio, increased residual volume, and decreased diffusion capacity. An x-ray of the chest shows hyperinflation and hypertranslucency of the lower lobes of both lungs. Which of the following is the most likely diagnosis?",Which of the following is the most likely diagnosis?,72B-Qwen25,"The patient's clinical presentation, physical examination findings, and pulmonary function test results are most consistent with emphysema, a type of chronic obstructive pulmonary disease (COPD). Here's a detailed breakdown of why each option is correct or incorrect: E. Emphysema: - Correct: The patient's history of long-term smoking, chronic cough with white sputum, and progressive shortness of breath are classic symptoms of emphysema. The physical examination findings, including a barrel chest, use of accessory muscles, and distant breath sounds with crackles, are typical. Pulmonary function tests showing a decreased FEV1:FVC ratio, increased residual volume, and decreased diffusion capacity are characteristic of emphysema. The chest x-ray showing hyperinflation and hypertranslucency of the lower lobes further supports this diagnosis. A. Asthma: - Incorrect: While asthma can cause shortness of breath and cough, it typically presents with episodic symptoms that are often reversible with bronchodilators. The patient's symptoms are progressive and chronic, and the decreased FEV1:FVC ratio with increased residual volume and decreased diffusion capacity are more indicative of emphysema rather than asthma. B. Bronchiectasis: - Incorrect: Bronchiectasis is characterized by chronic cough with copious purulent sputum, recurrent respiratory infections, and often a history of chronic bronchitis. The chest x-ray in bronchiectasis may show dilated bronchi, but hyperinflation and hypertranslucency are not typical findings. The patient's history and physical exam do not strongly suggest bronchiectasis. C. Chronic Pulmonary Fibrosis: - Incorrect: Chronic pulmonary fibrosis (or idiopathic pulmonary fibrosis) typically presents with a restrictive pattern on pulmonary function tests, characterized by a decreased total lung capacity and decreased FEV1:FVC ratio. The patient's increased residual volume and hyperinflation are not consistent with pulmonary fibrosis. Additionally, the chest x-ray findings in pulmonary fibrosis often show reticular or honeycombing patterns, not hyperinflation and hypertranslucency. D. Cystic Fibrosis: - Incorrect: Cystic fibrosis is a genetic disorder that typically presents in childhood with chronic respiratory symptoms, recurrent infections, and often pancreatic insufficiency. The patient's age and smoking history are not consistent with cystic fibrosis. The chest x-ray findings in cystic fibrosis may show bronchiectasis and hyperinflation, but the clinical context and history do not support this diagnosis. In summary, the patient's clinical presentation, physical examination, and pulmonary function test results are most consistent with emphysema, making it the most likely diagnosis.",True,0.48,0.0,0.0023,0.0159,0.1315,0.0358,0.0206,0.0358,0.0358,0.3547,72.0
618,A 65-year-old woman comes to the office for a follow-up examination 1 year after she underwent operative resection of the right colon and chemotherapy for stage III colon cancer. She reports fatigue. Physical examination shows no abnormalities. A staging CT scan of the chest and abdomen shows five new 2- to 3-cm masses in the liver and both lungs. This patient's cancer most likely spread to the lungs via which of the following structures?,This patient's cancer most likely spread to the lungs via which of the following structures?,72B-Qwen25,"The spread of colon cancer to the lungs and liver, as described in this case, is most likely due to hematogenous (blood-borne) metastasis. The primary route for this type of spread from the colon is through the portal venous system, which drains into the liver, and then through the inferior vena cava, which returns blood to the heart and subsequently to the lungs. - A. Inferior mesenteric vein: This vein drains the descending colon and the sigmoid colon, not the right colon. It joins the splenic vein to form the portal vein, which primarily leads to the liver, not directly to the lungs. Therefore, while it can contribute to liver metastasis, it is not the primary route for lung metastasis in this case. - B. Inferior vena cava: This is the correct answer. The inferior vena cava collects deoxygenated blood from the lower half of the body, including the liver, and returns it to the heart. From the heart, the blood is pumped to the lungs. Therefore, cancer cells that have entered the bloodstream from the liver can travel through the inferior vena cava to the lungs, leading to metastasis. - C. Left colic vein: This vein is a tributary of the inferior mesenteric vein and drains the descending colon and sigmoid colon. It does not directly contribute to the spread of cancer to the lungs. - D. Middle colic artery: This is an artery, not a vein, and it supplies blood to the transverse colon. Arteries do not play a role in the spread of cancer through the bloodstream. - E. Pulmonary vein: This vein carries oxygenated blood from the lungs to the heart. It is not involved in the spread of cancer from the colon to the lungs. - F. Superior mesenteric artery: This is an artery that supplies blood to the small intestine and the right side of the colon. Like the middle colic artery, it does not play a role in the spread of cancer through the bloodstream. - G. Superior vena cava: This vein collects deoxygenated blood from the upper half of the body and returns it to the heart. While it is involved in the circulation, it is not the primary route for the spread of colon cancer to the lungs. In summary, the inferior vena cava is the most likely structure through which cancer cells from the colon, after metastasizing to the liver, can travel to the lungs.",True,0.21,0.33,0.0,0.0238,0.1291,0.053,0.0194,0.0482,0.0482,0.413,72.0
